Tên feature,Định nghĩa/Ý nghĩa,Công thức tính,Source,Grain,Ý nghĩa trong mô hình
quarter,Giữ tín hiệu theo quý để bám Q2/Q3 trong insight,quarter(date),Mùa vụ rủi ro vận hành,date (daily),"Feature calendar dùng trực tiếp target date, không shift 549 ngày"
is_q3,Nhận diện quý rủi ro lợi nhuận/vận hành,"1 nếu quarter=3, ngược lại 0",Mùa vụ rủi ro vận hành,date (daily),"Feature calendar dùng trực tiếp target date, không shift 549 ngày"
is_december,Nhận diện tháng có rủi ro biên/hoàn trả cao,"1 nếu month=12, ngược lại 0",Mùa vụ rủi ro vận hành,date (daily),"Feature calendar dùng trực tiếp target date, không shift 549 ngày"
lead_time_mean_7d,Mức phục vụ giao hàng gần nhất,Gap-safe: tính tại as_of_date = Date - 549 ngày; rolling/lag thực hiện sau shift. Công thức gốc: trung bình(delivery_date - order_date) 7 ngày,Vận hành giao hàng,business-day (date),"Feature phi-calendar, dùng lịch sử đã lùi 549 ngày để tránh leakage khi forecast đến 2024-07-01"
lead_time_p90_7d,Tail risk giao hàng trễ,Gap-safe: tính tại as_of_date = Date - 549 ngày; rolling/lag thực hiện sau shift. Công thức gốc: p90(delivery_date - order_date) 7 ngày,Vận hành giao hàng,business-day (date),"Feature phi-calendar, dùng lịch sử đã lùi 549 ngày để tránh leakage khi forecast đến 2024-07-01"
lead_time_p95_7d,Cực trị giao hàng trễ,Gap-safe: tính tại as_of_date = Date - 549 ngày; rolling/lag thực hiện sau shift. Công thức gốc: p95(delivery_date - order_date) 7 ngày,Vận hành giao hàng,business-day (date),"Feature phi-calendar, dùng lịch sử đã lùi 549 ngày để tránh leakage khi forecast đến 2024-07-01"
late_rate_7d,KPI vận hành lõi ảnh hưởng refund/rating,Gap-safe: tính tại as_of_date = Date - 549 ngày; rolling/lag thực hiện sau shift. Công thức gốc: % đơn có lead_time > SLA trong 7 ngày,Vận hành giao hàng,business-day (date),"Feature phi-calendar, dùng lịch sử đã lùi 549 ngày để tránh leakage khi forecast đến 2024-07-01"
ontime_rate_7d,Tỷ lệ giao đúng hẹn,Gap-safe: tính tại as_of_date = Date - 549 ngày; rolling/lag thực hiện sau shift. Công thức gốc: 1 - late_rate_7d,Vận hành giao hàng,business-day (date),"Feature phi-calendar, dùng lịch sử đã lùi 549 ngày để tránh leakage khi forecast đến 2024-07-01"
orders_8_10_days_share,Cụm rủi ro đã được nhấn mạnh trong insight,Gap-safe: tính tại as_of_date = Date - 549 ngày; rolling/lag thực hiện sau shift. Công thức gốc: % đơn có lead_time từ 8–10 ngày,Vận hành giao hàng,business-day (date),"Feature phi-calendar, dùng lịch sử đã lùi 549 ngày để tránh leakage khi forecast đến 2024-07-01"
orders_gt10_days_share,Nhóm đơn đuôi xấu gây khiếu nại mạnh,Gap-safe: tính tại as_of_date = Date - 549 ngày; rolling/lag thực hiện sau shift. Công thức gốc: % đơn có lead_time > 10 ngày,Vận hành giao hàng,business-day (date),"Feature phi-calendar, dùng lịch sử đã lùi 549 ngày để tránh leakage khi forecast đến 2024-07-01"
shipping_fee_avg_7d,Áp lực chi phí giao vận,Gap-safe: tính tại as_of_date = Date - 549 ngày; rolling/lag thực hiện sau shift. Công thức gốc: trung bình shipping_fee 7 ngày,Vận hành giao hàng,business-day (date),"Feature phi-calendar, dùng lịch sử đã lùi 549 ngày để tránh leakage khi forecast đến 2024-07-01"
cancel_rate_7d,Tổn thất đơn hàng từ khâu vận hành/thanh toán,Gap-safe: tính tại as_of_date = Date - 549 ngày; rolling/lag thực hiện sau shift. Công thức gốc: % đơn cancelled trong 7 ngày,Vận hành giao hàng,business-day (date),"Feature phi-calendar, dùng lịch sử đã lùi 549 ngày để tránh leakage khi forecast đến 2024-07-01"
pre_ship_cancel_rate_7d,Vấn đề xác nhận đơn và kỳ vọng giao,Gap-safe: tính tại as_of_date = Date - 549 ngày; rolling/lag thực hiện sau shift. Công thức gốc: % đơn hủy trước ship_date,Vận hành giao hàng,business-day (date),"Feature phi-calendar, dùng lịch sử đã lùi 549 ngày để tránh leakage khi forecast đến 2024-07-01"
post_ship_cancel_rate_7d,Lãng phí vận hành sau khi đã xử lý đơn,Gap-safe: tính tại as_of_date = Date - 549 ngày; rolling/lag thực hiện sau shift. Công thức gốc: % đơn hủy sau ship_date,Vận hành giao hàng,business-day (date),"Feature phi-calendar, dùng lịch sử đã lùi 549 ngày để tránh leakage khi forecast đến 2024-07-01"
cod_share_7d,Tín hiệu lane có rủi ro hủy/trả cao,Gap-safe: tính tại as_of_date = Date - 549 ngày; rolling/lag thực hiện sau shift. Công thức gốc: % đơn dùng COD trong 7 ngày,Vận hành giao hàng,business-day (date),"Feature phi-calendar, dùng lịch sử đã lùi 549 ngày để tránh leakage khi forecast đến 2024-07-01"
return_rate_7d,Chất lượng fulfillment tổng thể,Gap-safe: tính tại as_of_date = Date - 549 ngày; rolling/lag thực hiện sau shift. Công thức gốc: số return / số đơn đã giao trong 7 ngày,Refund & Returns,business-day (date),"Feature phi-calendar, dùng lịch sử đã lùi 549 ngày để tránh leakage khi forecast đến 2024-07-01"
refund_to_revenue_7d,Đo mức rò rỉ doanh thu,Gap-safe: tính tại as_of_date = Date - 549 ngày; rolling/lag thực hiện sau shift. Công thức gốc: refund_amount / gross_revenue trong 7 ngày,Refund & Returns,business-day (date),"Feature phi-calendar, dùng lịch sử đã lùi 549 ngày để tránh leakage khi forecast đến 2024-07-01"
refund_amount_7d,Quy mô thiệt hại tuyệt đối do hoàn tiền,Gap-safe: tính tại as_of_date = Date - 549 ngày; rolling/lag thực hiện sau shift. Công thức gốc: tổng refund amount 7 ngày,Refund & Returns,business-day (date),"Feature phi-calendar, dùng lịch sử đã lùi 549 ngày để tránh leakage khi forecast đến 2024-07-01"
wrong_size_share_7d,Driver refund lớn nhất theo insight,Gap-safe: tính tại as_of_date = Date - 549 ngày; rolling/lag thực hiện sau shift. Công thức gốc: refund_wrong_size / total_refund,Refund & Returns,business-day (date),"Feature phi-calendar, dùng lịch sử đã lùi 549 ngày để tránh leakage khi forecast đến 2024-07-01"
defective_share_7d,Tín hiệu lỗi chất lượng sản phẩm,Gap-safe: tính tại as_of_date = Date - 549 ngày; rolling/lag thực hiện sau shift. Công thức gốc: refund_defective / total_refund,Refund & Returns,business-day (date),"Feature phi-calendar, dùng lịch sử đã lùi 549 ngày để tránh leakage khi forecast đến 2024-07-01"
not_as_described_share_7d,Tín hiệu lệch mô tả sản phẩm,Gap-safe: tính tại as_of_date = Date - 549 ngày; rolling/lag thực hiện sau shift. Công thức gốc: refund_not_as_described / total_refund,Refund & Returns,business-day (date),"Feature phi-calendar, dùng lịch sử đã lùi 549 ngày để tránh leakage khi forecast đến 2024-07-01"
late_delivery_refund_share_7d,Thiệt hại hoàn trả do vận hành giao hàng,Gap-safe: tính tại as_of_date = Date - 549 ngày; rolling/lag thực hiện sau shift. Công thức gốc: refund_late_delivery / total_refund,Refund & Returns,business-day (date),"Feature phi-calendar, dùng lịch sử đã lùi 549 ngày để tránh leakage khi forecast đến 2024-07-01"
exchange_share_7d,Mức chuyển từ refund sang exchange,Gap-safe: tính tại as_of_date = Date - 549 ngày; rolling/lag thực hiện sau shift. Công thức gốc: exchange_orders / total_return_orders,Refund & Returns,business-day (date),"Feature phi-calendar, dùng lịch sử đã lùi 549 ngày để tránh leakage khi forecast đến 2024-07-01"
rating_leq2_share_7d,Cảnh báo hậu quả dịch vụ vận hành kém,Gap-safe: tính tại as_of_date = Date - 549 ngày; rolling/lag thực hiện sau shift. Công thức gốc: % review có rating <= 2 trong 7 ngày,Refund & Returns,business-day (date),"Feature phi-calendar, dùng lịch sử đã lùi 549 ngày để tránh leakage khi forecast đến 2024-07-01"
low_rating_after_late_share_7d,Đo trực tiếp tác động late lên trải nghiệm,Gap-safe: tính tại as_of_date = Date - 549 ngày; rolling/lag thực hiện sau shift. Công thức gốc: % review<=2 trong nhóm đơn late,Refund & Returns,business-day (date),"Feature phi-calendar, dùng lịch sử đã lùi 549 ngày để tránh leakage khi forecast đến 2024-07-01"
stockout_flag_rate_7d,Mất cơ hội bán do thiếu hàng,Gap-safe: tính tại as_of_date = Date - 549 ngày; rolling/lag thực hiện sau shift. Công thức gốc: % SKU có stockout_flag=1 trong 7 ngày,Tồn kho Domain 5,inventory-day (date),"Feature phi-calendar, dùng lịch sử đã lùi 549 ngày để tránh leakage khi forecast đến 2024-07-01"
overstock_flag_rate_7d,Rủi ro markdown và khóa vốn,Gap-safe: tính tại as_of_date = Date - 549 ngày; rolling/lag thực hiện sau shift. Công thức gốc: % SKU có overstock_flag=1 trong 7 ngày,Tồn kho Domain 5,inventory-day (date),"Feature phi-calendar, dùng lịch sử đã lùi 549 ngày để tránh leakage khi forecast đến 2024-07-01"
avg_dos_7d,Tồn kho trung bình toàn nhóm,Gap-safe: tính tại as_of_date = Date - 549 ngày; rolling/lag thực hiện sau shift. Công thức gốc: trung bình DOS 7 ngày,Tồn kho Domain 5,inventory-day (date),"Feature phi-calendar, dùng lịch sử đã lùi 549 ngày để tránh leakage khi forecast đến 2024-07-01"
p90_dos_28d,Đuôi tồn kho dài gây áp lực biên,Gap-safe: tính tại as_of_date = Date - 549 ngày; rolling/lag thực hiện sau shift. Công thức gốc: p90 DOS trong 28 ngày,Tồn kho Domain 5,inventory-day (date),"Feature phi-calendar, dùng lịch sử đã lùi 549 ngày để tránh leakage khi forecast đến 2024-07-01"
p95_dos_28d,Cực trị tồn kho lâu ngày,Gap-safe: tính tại as_of_date = Date - 549 ngày; rolling/lag thực hiện sau shift. Công thức gốc: p95 DOS trong 28 ngày,Tồn kho Domain 5,inventory-day (date),"Feature phi-calendar, dùng lịch sử đã lùi 549 ngày để tránh leakage khi forecast đến 2024-07-01"
dos_tail_ratio,Mức lệch đuôi so với nền tồn kho,Gap-safe: tính tại as_of_date = Date - 549 ngày; rolling/lag thực hiện sau shift. Công thức gốc: p90_dos_28d / avg_dos_7d,Tồn kho Domain 5,inventory-day (date),"Feature phi-calendar, dùng lịch sử đã lùi 549 ngày để tránh leakage khi forecast đến 2024-07-01"
hero_sku_stockout_rate,Tránh thiếu hàng ở SKU chủ lực,Gap-safe: tính tại as_of_date = Date - 549 ngày; rolling/lag thực hiện sau shift. Công thức gốc: % stockout của top SKU theo doanh thu,Tồn kho Domain 5,sku-day (sku x date),"Feature phi-calendar, dùng lịch sử đã lùi 549 ngày để tránh leakage khi forecast đến 2024-07-01"
fill_rate_weighted_rev,Đo khả năng phục vụ đúng SKU tạo tiền,Gap-safe: tính tại as_of_date = Date - 549 ngày; rolling/lag thực hiện sau shift. Công thức gốc: fill_rate có trọng số doanh thu,Tồn kho Domain 5,inventory-day (date),"Feature phi-calendar, dùng lịch sử đã lùi 549 ngày để tránh leakage khi forecast đến 2024-07-01"
low_stock_sku_share,Cảnh báo sớm đứt hàng,Gap-safe: tính tại as_of_date = Date - 549 ngày; rolling/lag thực hiện sau shift. Công thức gốc: % SKU dưới tồn kho an toàn,Tồn kho Domain 5,sku-day (sku x date),"Feature phi-calendar, dùng lịch sử đã lùi 549 ngày để tránh leakage khi forecast đến 2024-07-01"
stale_stock_share_180d,Cảnh báo tồn kho ì ạch,Gap-safe: tính tại as_of_date = Date - 549 ngày; rolling/lag thực hiện sau shift. Công thức gốc: % SKU tồn >180 ngày,Tồn kho Domain 5,inventory-day (date),"Feature phi-calendar, dùng lịch sử đã lùi 549 ngày để tránh leakage khi forecast đến 2024-07-01"
inventory_imbalance_idx,Chỉ số “kẹp hai đầu” thiếu-dư đồng thời,Gap-safe: tính tại as_of_date = Date - 549 ngày; rolling/lag thực hiện sau shift. Công thức gốc: overstock_flag_rate_7d * stockout_flag_rate_7d,Tồn kho Domain 5,inventory-day (date),"Feature phi-calendar, dùng lịch sử đã lùi 549 ngày để tránh leakage khi forecast đến 2024-07-01"
inv_turnover_proxy,Tốc độ quay vòng tồn kho,Gap-safe: tính tại as_of_date = Date - 549 ngày; rolling/lag thực hiện sau shift. Công thức gốc: COGS_28d / avg_inventory_value_28d,Tồn kho Domain 5,inventory-day (date),"Feature phi-calendar, dùng lịch sử đã lùi 549 ngày để tránh leakage khi forecast đến 2024-07-01"
lane_late_rate_7d,Xác định lane giao hàng rủi ro,Gap-safe: tính tại as_of_date = Date - 549 ngày; rolling/lag thực hiện sau shift. Công thức gốc: late_rate theo region x traffic_source,Lane rủi ro vận hành,lane-day (region x traffic_source x date),"Feature phi-calendar, dùng lịch sử đã lùi 549 ngày để tránh leakage khi forecast đến 2024-07-01"
lane_refund_to_rev_7d,Xác định lane có doanh thu chất lượng thấp,Gap-safe: tính tại as_of_date = Date - 549 ngày; rolling/lag thực hiện sau shift. Công thức gốc: refund/revenue theo lane,Lane rủi ro vận hành,lane-day (region x traffic_source x date),"Feature phi-calendar, dùng lịch sử đã lùi 549 ngày để tránh leakage khi forecast đến 2024-07-01"
lane_cancel_rate_7d,Xác định lane mất đơn nhiều,Gap-safe: tính tại as_of_date = Date - 549 ngày; rolling/lag thực hiện sau shift. Công thức gốc: cancel_rate theo lane,Lane rủi ro vận hành,lane-day (region x traffic_source x date),"Feature phi-calendar, dùng lịch sử đã lùi 549 ngày để tránh leakage khi forecast đến 2024-07-01"
lane_stockout_rate_7d,"Lane bị hụt hàng, dễ hụt forecast",Gap-safe: tính tại as_of_date = Date - 549 ngày; rolling/lag thực hiện sau shift. Công thức gốc: stockout_rate theo lane,Lane rủi ro vận hành,lane-day (region x traffic_source x date),"Feature phi-calendar, dùng lịch sử đã lùi 549 ngày để tránh leakage khi forecast đến 2024-07-01"
lane_cod_share_7d,Lane có rủi ro hủy/trả cao do COD,Gap-safe: tính tại as_of_date = Date - 549 ngày; rolling/lag thực hiện sau shift. Công thức gốc: COD share theo lane,Lane rủi ro vận hành,lane-day (region x traffic_source x date),"Feature phi-calendar, dùng lịch sử đã lùi 549 ngày để tránh leakage khi forecast đến 2024-07-01"
lane_profit_leakage_proxy,Proxy lane đang rò rỉ lợi nhuận,Gap-safe: tính tại as_of_date = Date - 549 ngày; rolling/lag thực hiện sau shift. Công thức gốc: lane_revenue * lane_refund_to_rev * lane_late_rate,Lane rủi ro vận hành,lane-day (region x traffic_source x date),"Feature phi-calendar, dùng lịch sử đã lùi 549 ngày để tránh leakage khi forecast đến 2024-07-01"
late_x_refund,Khi vận hành trễ kéo theo refund tăng,Gap-safe: tính tại as_of_date = Date - 549 ngày; rolling/lag thực hiện sau shift. Công thức gốc: late_rate_7d * refund_to_revenue_7d,Tương tác vận hành,business-day (date),"Feature phi-calendar, dùng lịch sử đã lùi 549 ngày để tránh leakage khi forecast đến 2024-07-01"
late_tail_x_low_rating,Đo cụm tail-risk làm xấu trải nghiệm,Gap-safe: tính tại as_of_date = Date - 549 ngày; rolling/lag thực hiện sau shift. Công thức gốc: orders_8_10_days_share * rating_leq2_share_7d,Tương tác vận hành,business-day (date),"Feature phi-calendar, dùng lịch sử đã lùi 549 ngày để tránh leakage khi forecast đến 2024-07-01"
stockout_x_late,Đứt hàng + giao trễ cùng lúc gây suy giảm mạnh,Gap-safe: tính tại as_of_date = Date - 549 ngày; rolling/lag thực hiện sau shift. Công thức gốc: stockout_flag_rate_7d * late_rate_7d,Tương tác vận hành,business-day (date),"Feature phi-calendar, dùng lịch sử đã lùi 549 ngày để tránh leakage khi forecast đến 2024-07-01"
overstock_x_refund,Dư hàng + hoàn cao tạo doanh thu kém chất lượng,Gap-safe: tính tại as_of_date = Date - 549 ngày; rolling/lag thực hiện sau shift. Công thức gốc: overstock_flag_rate_7d * refund_to_revenue_7d,Tương tác vận hành,business-day (date),"Feature phi-calendar, dùng lịch sử đã lùi 549 ngày để tránh leakage khi forecast đến 2024-07-01"
q3_x_overstock,Rủi ro mùa xấu + tồn dư cao,Gap-safe: tính tại as_of_date = Date - 549 ngày; rolling/lag thực hiện sau shift. Công thức gốc: is_q3 * overstock_flag_rate_7d,Tương tác vận hành,business-day (date),"Feature phi-calendar, dùng lịch sử đã lùi 549 ngày để tránh leakage khi forecast đến 2024-07-01"
dec_x_dos_tail,Rủi ro cuối năm + đuôi tồn kho dài,Gap-safe: tính tại as_of_date = Date - 549 ngày; rolling/lag thực hiện sau shift. Công thức gốc: is_december * p90_dos_28d,Tương tác vận hành,business-day (date),"Feature phi-calendar, dùng lịch sử đã lùi 549 ngày để tránh leakage khi forecast đến 2024-07-01"
cod_x_cancel,Định lượng tác động COD lên hủy đơn,Gap-safe: tính tại as_of_date = Date - 549 ngày; rolling/lag thực hiện sau shift. Công thức gốc: cod_share_7d * cancel_rate_7d,Tương tác vận hành,business-day (date),"Feature phi-calendar, dùng lịch sử đã lùi 549 ngày để tránh leakage khi forecast đến 2024-07-01"
lane_late_x_lane_refund,Khoanh lane cần ưu tiên xử lý SLA + refund,Gap-safe: tính tại as_of_date = Date - 549 ngày; rolling/lag thực hiện sau shift. Công thức gốc: lane_late_rate_7d * lane_refund_to_rev_7d,Tương tác vận hành,lane-day (region x traffic_source x date),"Feature phi-calendar, dùng lịch sử đã lùi 549 ngày để tránh leakage khi forecast đến 2024-07-01"
late_rate_zscore_28d,Phát hiện bất thường trễ giao so với trạng thái bình thường,Gap-safe: tính tại as_of_date = Date - 549 ngày; rolling/lag thực hiện sau shift. Công thức gốc: (late_rate_7d - mean_28d) / std_28d,Advanced vận hành (động học),business-day (date),"Feature phi-calendar, dùng lịch sử đã lùi 549 ngày để tránh leakage khi forecast đến 2024-07-01"
late_persistence_3d,Đo tính dai dẳng của sự cố vận hành,Gap-safe: tính tại as_of_date = Date - 549 ngày; rolling/lag thực hiện sau shift. Công thức gốc: số ngày liên tiếp gần nhất có late_rate > ngưỡng,Advanced vận hành (động học),business-day (date),"Feature phi-calendar, dùng lịch sử đã lùi 549 ngày để tránh leakage khi forecast đến 2024-07-01"
sla_breach_severity_7d,"Không chỉ biết trễ hay không, mà trễ nặng bao nhiêu","Gap-safe: tính tại as_of_date = Date - 549 ngày; rolling/lag thực hiện sau shift. Công thức gốc: mean(max(lead_time - SLA, 0)) trong 7 ngày",Advanced vận hành (động học),business-day (date),"Feature phi-calendar, dùng lịch sử đã lùi 549 ngày để tránh leakage khi forecast đến 2024-07-01"
eta_tail_concentration_7d,Độ tập trung đơn vào vùng ETA rủi ro,Gap-safe: tính tại as_of_date = Date - 549 ngày; rolling/lag thực hiện sau shift. Công thức gốc: (orders_8_10_days + orders_gt10_days) / total_orders,Advanced vận hành (động học),business-day (date),"Feature phi-calendar, dùng lịch sử đã lùi 549 ngày để tránh leakage khi forecast đến 2024-07-01"
refund_reason_entropy_7d,Phân biệt lỗi tập trung 1 nguyên nhân hay đa nguyên nhân,Gap-safe: tính tại as_of_date = Date - 549 ngày; rolling/lag thực hiện sau shift. Công thức gốc: entropy(phân bổ refund reason),Advanced refund (cấu trúc),business-day (date),"Feature phi-calendar, dùng lịch sử đã lùi 549 ngày để tránh leakage khi forecast đến 2024-07-01"
wrong_size_to_defect_ratio_7d,Tách bài toán fit-size với lỗi chất lượng vật lý,Gap-safe: tính tại as_of_date = Date - 549 ngày; rolling/lag thực hiện sau shift. Công thức gốc: wrong_size_share_7d / (defective_share_7d + eps),Advanced refund (cấu trúc),business-day (date),"Feature phi-calendar, dùng lịch sử đã lùi 549 ngày để tránh leakage khi forecast đến 2024-07-01"
refund_acceleration_7d,Tốc độ xấu đi/cải thiện của rò rỉ refund theo tuần,Gap-safe: tính tại as_of_date = Date - 549 ngày; rolling/lag thực hiện sau shift. Công thức gốc: refund_to_revenue_7d - refund_to_revenue_7d_lag7,Advanced refund (động học),business-day (date),"Feature phi-calendar, dùng lịch sử đã lùi 549 ngày để tránh leakage khi forecast đến 2024-07-01"
dos_acceleration_28d,Hàng tồn đang phình nhanh hay được giải phóng,Gap-safe: tính tại as_of_date = Date - 549 ngày; rolling/lag thực hiện sau shift. Công thức gốc: avg_dos_7d - avg_dos_7d_lag28,Advanced inventory (động học),inventory-day (date),"Feature phi-calendar, dùng lịch sử đã lùi 549 ngày để tránh leakage khi forecast đến 2024-07-01"
stockout_streak_max_14d,"Đo “thời gian đau” do đứt hàng, không chỉ tỷ lệ",Gap-safe: tính tại as_of_date = Date - 549 ngày; rolling/lag thực hiện sau shift. Công thức gốc: max số ngày liên tiếp stockout của hero SKU trong 14 ngày,Advanced inventory (động học),hero-sku-day (top sku x date),"Feature phi-calendar, dùng lịch sử đã lùi 549 ngày để tránh leakage khi forecast đến 2024-07-01"
overstock_age_pressure_idx,Áp lực xả tồn cũ cộng tồn đuôi dài,Gap-safe: tính tại as_of_date = Date - 549 ngày; rolling/lag thực hiện sau shift. Công thức gốc: stale_stock_share_180d * p90_dos_28d,Advanced inventory (động học),inventory-day (date),"Feature phi-calendar, dùng lịch sử đã lùi 549 ngày để tránh leakage khi forecast đến 2024-07-01"
lane_refund_hhi_7d,Xem rủi ro có dồn vào vài lane hay phân tán,Gap-safe: tính tại as_of_date = Date - 549 ngày; rolling/lag thực hiện sau shift. Công thức gốc: HHI của refund theo lane (region x source),Advanced lane risk,lane-day (region x traffic_source x date),"Feature phi-calendar, dùng lịch sử đã lùi 549 ngày để tránh leakage khi forecast đến 2024-07-01"
lane_tail_eta_refund_coupling,Bắt đồng thời 3 nguồn rủi ro trên cùng lane,Gap-safe: tính tại as_of_date = Date - 549 ngày; rolling/lag thực hiện sau shift. Công thức gốc: lane_late_rate_7d * lane_refund_to_rev_7d * orders_8_10_days_share,Advanced lane risk,lane-day (region x traffic_source x date),"Feature phi-calendar, dùng lịch sử đã lùi 549 ngày để tránh leakage khi forecast đến 2024-07-01"
lane_inventory_stress_idx,Lane nào vừa thiếu hàng vừa mất đơn,Gap-safe: tính tại as_of_date = Date - 549 ngày; rolling/lag thực hiện sau shift. Công thức gốc: lane_stockout_rate_7d * lane_cancel_rate_7d,Advanced lane risk,lane-day (region x traffic_source x date),"Feature phi-calendar, dùng lịch sử đã lùi 549 ngày để tránh leakage khi forecast đến 2024-07-01"
year,Năm của ngày dự báo,Date.year,sales.csv[Date],1 dòng = 1 ngày forecast,"Bắt xu hướng dài hạn, drift tăng/giảm qua các năm"
month,Tháng của ngày dự báo,Date.month,sales.csv[Date],1 dòng = 1 ngày forecast,Bắt mùa vụ theo tháng
day,Ngày trong tháng,Date.day,sales.csv[Date],1 dòng = 1 ngày forecast,Bắt hiệu ứng đầu tháng/cuối tháng
day_of_week,Thứ trong tuần,Date.dayofweek,sales.csv[Date],1 dòng = 1 ngày forecast,Bắt pattern doanh thu theo thứ
week_of_year,Tuần trong năm,Date.isocalendar().week,sales.csv[Date],1 dòng = 1 ngày forecast,Bắt chu kỳ tuần theo mùa năm
quarter,Quý trong năm,quarter(date),sales.csv[Date],1 dòng = 1 ngày forecast,"Feature calendar dùng trực tiếp target date, không shift 549 ngày"
day_of_year,Thứ tự ngày trong năm,Date.dayofyear,sales.csv[Date],1 dòng = 1 ngày forecast,Neo vị trí trong năm để học mùa vụ
is_weekend,flag cuối tuần,"1 nếu thứ 7/CN, ngược lại 0",sales.csv[Date],1 dòng = 1 ngày forecast,Giúp model bắt spike/dip cuối tuần
is_month_start,flag đầu tháng,1 nếu là ngày đầu tháng,sales.csv[Date],1 dòng = 1 ngày forecast,Bắt hiệu ứng đầu tháng
is_month_end,flag cuối tháng,1 nếu là ngày cuối tháng,sales.csv[Date],1 dòng = 1 ngày forecast,Bắt hiệu ứng chốt tháng
"sin_7, cos_7",Fourier cho chu kỳ 7 ngày,sin/cos(2πt/7),sales.csv[Date],1 dòng = 1 ngày forecast,Mã hóa chu kỳ tuần trơn hơn biến rời rạc
"sin_30_5, cos_30_5",Fourier cho chu kỳ gần tháng,sin/cos(2πt/30.5),sales.csv[Date],1 dòng = 1 ngày forecast,Bắt nhịp gần-tháng ngoài calendar thuần
"sin_365_25, cos_365_25",Fourier cho chu kỳ năm,sin/cos(2πt/365.25),sales.csv[Date],1 dòng = 1 ngày forecast,Bắt seasonality năm mượt và ổn định
"revenue_lag_1, 7, 14, 28, 56, 365, 366",Doanh thu quá khứ tại các độ trễ quan trọng,Gap-safe: tính tại as_of_date = Date - 549 ngày; rolling/lag thực hiện sau shift. Công thức gốc: Revenue.shift(k),"sales.csv[Revenue, Date]","1 dòng = 1 ngày forecast, tính từ lịch sử trước ngày đó","Là nhóm mạnh nhất để học động lượng ngắn hạn, weekly repeat, yearly repeat"
"revenue_roll_mean_7, 14, 28, 56, 91, 365",Trung bình trượt lịch sử của doanh thu,Gap-safe: tính tại as_of_date = Date - 549 ngày; rolling/lag thực hiện sau shift. Công thức gốc: Revenue.shift(1).rolling(w).mean(),"sales.csv[Revenue, Date]","1 dòng = 1 ngày forecast, chỉ dùng quá khứ",Cho model biết “mức nền” hiện tại của chuỗi
"revenue_roll_std_7, 14, 28, 56, 91, 365",Độ biến động trượt lịch sử của doanh thu,Gap-safe: tính tại as_of_date = Date - 549 ngày; rolling/lag thực hiện sau shift. Công thức gốc: Revenue.shift(1).rolling(w).std(),"sales.csv[Revenue, Date]","1 dòng = 1 ngày forecast, chỉ dùng quá khứ",Giúp model nhận biết giai đoạn ổn định hay nhiễu mạnh
"revenue_same_day_ly_365, 366",Doanh thu cùng kỳ năm trước,Gap-safe: tính tại as_of_date = Date - 549 ngày; rolling/lag thực hiện sau shift. Công thức gốc: Revenue.shift(365/366),"sales.csv[Revenue, Date]","1 dòng = 1 ngày forecast, chỉ dùng quá khứ","Neo trực tiếp với cùng mùa năm trước, đặc biệt hữu ích cho daily forecast dài hạn"
exp_sessions_<source>,Prior lịch sử về quy mô traffic từng source theo tháng,Gap-safe: tính tại as_of_date = Date - 549 ngày; rolling/lag thực hiện sau shift. Công thức gốc: AVG(sessions) theo month_of_year x source,"web_traffic.csv[date, traffic_source, sessions]","Bảng tra 1 dòng = 1 month_of_year x 1 source, map vào ngày forecast theo month","Cho model một proxy về mùa vụ acquisition; chỉ là prior, không phải traffic tương lai thật"
exp_bounce_rate_<source>,Prior lịch sử về chất lượng traffic từng source theo tháng,Gap-safe: tính tại as_of_date = Date - 549 ngày; rolling/lag thực hiện sau shift. Công thức gốc: AVG(bounce_rate) theo month_of_year x source,"web_traffic.csv[date, traffic_source, bounce_rate]","Bảng tra 1 dòng = 1 month_of_year x 1 source, map theo month",Bổ sung tín hiệu về chất lượng demand theo mùa
exp_category_share_<category>,Prior lịch sử về mix doanh thu theo category theo tháng,Gap-safe: tính tại as_of_date = Date - 549 ngày; rolling/lag thực hiện sau shift. Công thức gốc: SUM(revenue_category) / SUM(revenue_all) theo month_of_year,orders.csv[order_date] + order_items.csv + products.csv[category],"Bảng tra 1 dòng = 1 month_of_year x 1 category, map theo month",Giúp model học seasonality do thay đổi cơ cấu ngành hàng
active_promo_count,Số promo đang active trong ngày,Gap-safe: tính tại as_of_date = Date - 549 ngày; rolling/lag thực hiện sau shift. Công thức gốc: count(promo_id where start_date <= Date <= end_date),promotions.csv,Date,"Feature phi-calendar, dùng lịch sử đã lùi 549 ngày để tránh leakage khi forecast đến 2024-07-01"
is_any_promo_active,Ngày có promo hay không,Gap-safe: tính tại as_of_date = Date - 549 ngày; rolling/lag thực hiện sau shift. Công thức gốc: 1(active_promo_count > 0),promotions.csv,Date,"Feature phi-calendar, dùng lịch sử đã lùi 549 ngày để tránh leakage khi forecast đến 2024-07-01"
active_discount_avg,Discount trung bình của các promo đang chạy,"Gap-safe: tính tại as_of_date = Date - 549 ngày; rolling/lag thực hiện sau shift. Công thức gốc: mean(discount_value) của active promos, không có promo thì 0",promotions.csv,Date,"Feature phi-calendar, dùng lịch sử đã lùi 549 ngày để tránh leakage khi forecast đến 2024-07-01"
active_discount_max,Discount cao nhất trong ngày,"Gap-safe: tính tại as_of_date = Date - 549 ngày; rolling/lag thực hiện sau shift. Công thức gốc: max(discount_value) của active promos, không có promo thì 0",promotions.csv,Date,"Feature phi-calendar, dùng lịch sử đã lùi 549 ngày để tránh leakage khi forecast đến 2024-07-01"
active_discount_sum,Tổng áp lực discount trong ngày,Gap-safe: tính tại as_of_date = Date - 549 ngày; rolling/lag thực hiện sau shift. Công thức gốc: sum(discount_value) của active promos,promotions.csv,Date,"Feature phi-calendar, dùng lịch sử đã lùi 549 ngày để tránh leakage khi forecast đến 2024-07-01"
active_percentage_promo_count,Số promo dạng phần trăm đang chạy,Gap-safe: tính tại as_of_date = Date - 549 ngày; rolling/lag thực hiện sau shift. Công thức gốc: count(active promo where promo_type = 'percentage'),promotions.csv,Date,"Feature phi-calendar, dùng lịch sử đã lùi 549 ngày để tránh leakage khi forecast đến 2024-07-01"
active_fixed_promo_count,Số promo fixed discount đang chạy,Gap-safe: tính tại as_of_date = Date - 549 ngày; rolling/lag thực hiện sau shift. Công thức gốc: count(active promo where promo_type = 'fixed'),promotions.csv,Date,"Feature phi-calendar, dùng lịch sử đã lùi 549 ngày để tránh leakage khi forecast đến 2024-07-01"
has_fixed_discount_promo,Flag ngày có fixed discount,Gap-safe: tính tại as_of_date = Date - 549 ngày; rolling/lag thực hiện sau shift. Công thức gốc: 1(active_fixed_promo_count > 0),promotions.csv,Date,"Feature phi-calendar, dùng lịch sử đã lùi 549 ngày để tránh leakage khi forecast đến 2024-07-01"
active_stackable_promo_count,Số promo có thể stack,Gap-safe: tính tại as_of_date = Date - 549 ngày; rolling/lag thực hiện sau shift. Công thức gốc: count(active promo where stackable_flag = 1),promotions.csv,Date,"Feature phi-calendar, dùng lịch sử đã lùi 549 ngày để tránh leakage khi forecast đến 2024-07-01"
has_stackable_promo,Ngày có ít nhất một promo stackable,Gap-safe: tính tại as_of_date = Date - 549 ngày; rolling/lag thực hiện sau shift. Công thức gốc: 1(active_stackable_promo_count > 0),promotions.csv,Date,"Feature phi-calendar, dùng lịch sử đã lùi 549 ngày để tránh leakage khi forecast đến 2024-07-01"
active_min_order_promo_count,Số promo có điều kiện giá trị đơn tối thiểu,Gap-safe: tính tại as_of_date = Date - 549 ngày; rolling/lag thực hiện sau shift. Công thức gốc: count(active promo where min_order_value > 0),promotions.csv,Date,"Feature phi-calendar, dùng lịch sử đã lùi 549 ngày để tránh leakage khi forecast đến 2024-07-01"
active_min_order_avg,Threshold trung bình của promo active,"Gap-safe: tính tại as_of_date = Date - 549 ngày; rolling/lag thực hiện sau shift. Công thức gốc: mean(min_order_value where min_order_value > 0), không có thì 0",promotions.csv,Date,"Feature phi-calendar, dùng lịch sử đã lùi 549 ngày để tránh leakage khi forecast đến 2024-07-01"
active_sitewide_promo_count,Số promo áp dụng toàn site,Gap-safe: tính tại as_of_date = Date - 549 ngày; rolling/lag thực hiện sau shift. Công thức gốc: count(active promo where applicable_category is null or blank),promotions.csv,Date,"Feature phi-calendar, dùng lịch sử đã lùi 549 ngày để tránh leakage khi forecast đến 2024-07-01"
active_category_promo_count,Số promo áp dụng cho category cụ thể,Gap-safe: tính tại as_of_date = Date - 549 ngày; rolling/lag thực hiện sau shift. Công thức gốc: count(active promo where applicable_category not null),promotions.csv,Date,"Feature phi-calendar, dùng lịch sử đã lùi 549 ngày để tránh leakage khi forecast đến 2024-07-01"
has_streetwear_promo,Ngày có promo áp dụng cho Streetwear,Gap-safe: tính tại as_of_date = Date - 549 ngày; rolling/lag thực hiện sau shift. Công thức gốc: 1(any active promo where applicable_category = 'Streetwear'),promotions.csv,Date,"Feature phi-calendar, dùng lịch sử đã lùi 549 ngày để tránh leakage khi forecast đến 2024-07-01"
has_outdoor_promo,Ngày có promo áp dụng cho Outdoor,Gap-safe: tính tại as_of_date = Date - 549 ngày; rolling/lag thực hiện sau shift. Công thức gốc: 1(any active promo where applicable_category = 'Outdoor'),promotions.csv,Date,"Feature phi-calendar, dùng lịch sử đã lùi 549 ngày để tránh leakage khi forecast đến 2024-07-01"
active_email_promo_count,Số promo kênh email active,Gap-safe: tính tại as_of_date = Date - 549 ngày; rolling/lag thực hiện sau shift. Công thức gốc: count(active promo where promo_channel = 'email'),promotions.csv,Date,"Feature phi-calendar, dùng lịch sử đã lùi 549 ngày để tránh leakage khi forecast đến 2024-07-01"
active_online_promo_count,Số promo kênh online active,Gap-safe: tính tại as_of_date = Date - 549 ngày; rolling/lag thực hiện sau shift. Công thức gốc: count(active promo where promo_channel = 'online'),promotions.csv,Date,"Feature phi-calendar, dùng lịch sử đã lùi 549 ngày để tránh leakage khi forecast đến 2024-07-01"
active_all_channels_promo_count,Số promo all_channels active,Gap-safe: tính tại as_of_date = Date - 549 ngày; rolling/lag thực hiện sau shift. Công thức gốc: count(active promo where promo_channel = 'all_channels'),promotions.csv,Date,"Feature phi-calendar, dùng lịch sử đã lùi 549 ngày để tránh leakage khi forecast đến 2024-07-01"
active_social_promo_count,Số promo social_media active,Gap-safe: tính tại as_of_date = Date - 549 ngày; rolling/lag thực hiện sau shift. Công thức gốc: count(active promo where promo_channel = 'social_media'),promotions.csv,Date,"Feature phi-calendar, dùng lịch sử đã lùi 549 ngày để tránh leakage khi forecast đến 2024-07-01"
active_in_store_promo_count,Số promo in_store active,Gap-safe: tính tại as_of_date = Date - 549 ngày; rolling/lag thực hiện sau shift. Công thức gốc: count(active promo where promo_channel = 'in_store'),promotions.csv,Date,"Feature phi-calendar, dùng lịch sử đã lùi 549 ngày để tránh leakage khi forecast đến 2024-07-01"
is_spring_sale_active,Flag family Spring Sale,Gap-safe: tính tại as_of_date = Date - 549 ngày; rolling/lag thực hiện sau shift. Công thức gốc: 1(any active promo where promo_name contains 'Spring Sale'),promotions.csv,Date,"Feature phi-calendar, dùng lịch sử đã lùi 549 ngày để tránh leakage khi forecast đến 2024-07-01"
is_mid_year_sale_active,Flag family Mid-Year Sale,Gap-safe: tính tại as_of_date = Date - 549 ngày; rolling/lag thực hiện sau shift. Công thức gốc: 1(any active promo where promo_name contains 'Mid-Year Sale'),promotions.csv,Date,"Feature phi-calendar, dùng lịch sử đã lùi 549 ngày để tránh leakage khi forecast đến 2024-07-01"
is_fall_launch_active,Flag family Fall Launch,Gap-safe: tính tại as_of_date = Date - 549 ngày; rolling/lag thực hiện sau shift. Công thức gốc: 1(any active promo where promo_name contains 'Fall Launch'),promotions.csv,Date,"Feature phi-calendar, dùng lịch sử đã lùi 549 ngày để tránh leakage khi forecast đến 2024-07-01"
is_year_end_sale_active,Flag family Year-End Sale,Gap-safe: tính tại as_of_date = Date - 549 ngày; rolling/lag thực hiện sau shift. Công thức gốc: 1(any active promo where promo_name contains 'Year-End Sale'),promotions.csv,Date,"Feature phi-calendar, dùng lịch sử đã lùi 549 ngày để tránh leakage khi forecast đến 2024-07-01"
is_urban_blowout_active,Flag family Urban Blowout,Gap-safe: tính tại as_of_date = Date - 549 ngày; rolling/lag thực hiện sau shift. Công thức gốc: 1(any active promo where promo_name contains 'Urban Blowout'),promotions.csv,Date,"Feature phi-calendar, dùng lịch sử đã lùi 549 ngày để tránh leakage khi forecast đến 2024-07-01"
is_rural_special_active,Flag family Rural Special,Gap-safe: tính tại as_of_date = Date - 549 ngày; rolling/lag thực hiện sau shift. Công thức gốc: 1(any active promo where promo_name contains 'Rural Special'),promotions.csv,Date,"Feature phi-calendar, dùng lịch sử đã lùi 549 ngày để tránh leakage khi forecast đến 2024-07-01"
promo_day_index,Ngày thứ mấy kể từ khi promo bắt đầu,"Gap-safe: tính tại as_of_date = Date - 549 ngày; rolling/lag thực hiện sau shift. Công thức gốc: Với mỗi active promo: Date - start_date + 1; nếu nhiều promo lấy min, mean, hoặc max",promotions.csv,Date,"Feature phi-calendar, dùng lịch sử đã lùi 549 ngày để tránh leakage khi forecast đến 2024-07-01"
promo_days_remaining,Số ngày còn lại trước khi promo kết thúc,Gap-safe: tính tại as_of_date = Date - 549 ngày; rolling/lag thực hiện sau shift. Công thức gốc: Với mỗi active promo: end_date - Date; nếu nhiều promo lấy min,promotions.csv,Date,"Feature phi-calendar, dùng lịch sử đã lùi 549 ngày để tránh leakage khi forecast đến 2024-07-01"
promo_progress_ratio,Tiến độ campaign trong ngày,Gap-safe: tính tại as_of_date = Date - 549 ngày; rolling/lag thực hiện sau shift. Công thức gốc: (Date - start_date + 1) / (end_date - start_date + 1); nếu nhiều promo lấy mean,promotions.csv,Date,"Feature phi-calendar, dùng lịch sử đã lùi 549 ngày để tránh leakage khi forecast đến 2024-07-01"
days_to_next_promo_start,Khoảng cách tới promo tiếp theo,Gap-safe: tính tại as_of_date = Date - 549 ngày; rolling/lag thực hiện sau shift. Công thức gốc: min(start_date - Date where start_date > Date); có thể cap tại 60,promotions.csv,Date,"Feature phi-calendar, dùng lịch sử đã lùi 549 ngày để tránh leakage khi forecast đến 2024-07-01"
days_since_last_promo_end,Khoảng cách từ promo gần nhất đã kết thúc,Gap-safe: tính tại as_of_date = Date - 549 ngày; rolling/lag thực hiện sau shift. Công thức gốc: min(Date - end_date where end_date < Date); có thể cap tại 60,promotions.csv,Date,"Feature phi-calendar, dùng lịch sử đã lùi 549 ngày để tránh leakage khi forecast đến 2024-07-01"
daily_promo_line_share_lag_365,Promo line share cùng ngày năm trước,"Gap-safe: tính tại as_of_date = Date - 549 ngày; rolling/lag thực hiện sau shift. Công thức gốc: Từ order_items + orders: promo_lines / total_lines theo order_date, sau đó lag 365 ngày","order_items.csv, orders.csv",Date,"Feature phi-calendar, dùng lịch sử đã lùi 549 ngày để tránh leakage khi forecast đến 2024-07-01"
daily_discount_rate_lag_365,Discount rate cùng ngày năm trước,"Gap-safe: tính tại as_of_date = Date - 549 ngày; rolling/lag thực hiện sau shift. Công thức gốc: Theo ngày: sum(discount_amount) / sum(quantity * unit_price), sau đó lag 365 ngày","order_items.csv, orders.csv",Date,"Feature phi-calendar, dùng lịch sử đã lùi 549 ngày để tránh leakage khi forecast đến 2024-07-01"
expected_promo_line_share_month,"Promo intensity kỳ vọng theo tháng, dùng được cho future","Gap-safe: tính tại as_of_date = Date - 549 ngày; rolling/lag thực hiện sau shift. Công thức gốc: Trong train: mean(promo_lines / total_lines) theo month(order_date), map sang future theo month","order_items.csv, orders.csv",Date,"Feature phi-calendar, dùng lịch sử đã lùi 549 ngày để tránh leakage khi forecast đến 2024-07-01"
expected_discount_rate_month,Discount rate kỳ vọng theo tháng,Gap-safe: tính tại as_of_date = Date - 549 ngày; rolling/lag thực hiện sau shift. Công thức gốc: Trong train: mean(sum(discount_amount) / sum(quantity * unit_price)) theo month,"order_items.csv, orders.csv",Date,"Feature phi-calendar, dùng lịch sử đã lùi 549 ngày để tránh leakage khi forecast đến 2024-07-01"
expected_promo_revenue_share_month,Tỷ trọng revenue promo kỳ vọng theo tháng,"Gap-safe: tính tại as_of_date = Date - 549 ngày; rolling/lag thực hiện sau shift. Công thức gốc: sum(revenue where promo_id not null) / sum(total revenue) theo month, rồi map theo month","order_items.csv, orders.csv",Date,"Feature phi-calendar, dùng lịch sử đã lùi 549 ngày để tránh leakage khi forecast đến 2024-07-01"
expected_active_promo_count_month,Số promo active kỳ vọng theo tháng,"Gap-safe: tính tại as_of_date = Date - 549 ngày; rolling/lag thực hiện sau shift. Công thức gốc: Từ daily promo calendar train, lấy mean(active_promo_count) theo month",promotions.csv,Date,"Feature phi-calendar, dùng lịch sử đã lùi 549 ngày để tránh leakage khi forecast đến 2024-07-01"
expected_email_promo_month,Xác suất có email promo theo tháng,Gap-safe: tính tại as_of_date = Date - 549 ngày; rolling/lag thực hiện sau shift. Công thức gốc: mean(1(active email promo > 0)) theo month trong train,promotions.csv,Date,"Feature phi-calendar, dùng lịch sử đã lùi 549 ngày để tránh leakage khi forecast đến 2024-07-01"
expected_online_promo_month,Xác suất có online promo theo tháng,Gap-safe: tính tại as_of_date = Date - 549 ngày; rolling/lag thực hiện sau shift. Công thức gốc: mean(1(active online promo > 0)) theo month trong train,promotions.csv,Date,"Feature phi-calendar, dùng lịch sử đã lùi 549 ngày để tránh leakage khi forecast đến 2024-07-01"
expected_sitewide_promo_month,Xác suất có sitewide promo theo tháng,Gap-safe: tính tại as_of_date = Date - 549 ngày; rolling/lag thực hiện sau shift. Công thức gốc: mean(1(active sitewide promo > 0)) theo month trong train,promotions.csv,Date,"Feature phi-calendar, dùng lịch sử đã lùi 549 ngày để tránh leakage khi forecast đến 2024-07-01"
expected_category_promo_month,Xác suất có category-specific promo theo tháng,Gap-safe: tính tại as_of_date = Date - 549 ngày; rolling/lag thực hiện sau shift. Công thức gốc: mean(1(active category promo > 0)) theo month trong train,promotions.csv,Date,"Feature phi-calendar, dùng lịch sử đã lùi 549 ngày để tránh leakage khi forecast đến 2024-07-01"
revenue_lag_7,Revenue tuần trước,Gap-safe: tính tại as_of_date = Date - 549 ngày; rolling/lag thực hiện sau shift. Công thức gốc: sales.Revenue.shift(7),sales.csv,Date,"Feature phi-calendar, dùng lịch sử đã lùi 549 ngày để tránh leakage khi forecast đến 2024-07-01"
revenue_lag_28,Revenue 4 tuần trước,Gap-safe: tính tại as_of_date = Date - 549 ngày; rolling/lag thực hiện sau shift. Công thức gốc: sales.Revenue.shift(28),sales.csv,Date,"Feature phi-calendar, dùng lịch sử đã lùi 549 ngày để tránh leakage khi forecast đến 2024-07-01"
revenue_lag_365,Revenue cùng ngày năm trước,Gap-safe: tính tại as_of_date = Date - 549 ngày; rolling/lag thực hiện sau shift. Công thức gốc: sales.Revenue.shift(365),sales.csv,Date,"Feature phi-calendar, dùng lịch sử đã lùi 549 ngày để tránh leakage khi forecast đến 2024-07-01"
cogs_lag_7,COGS tuần trước,Gap-safe: tính tại as_of_date = Date - 549 ngày; rolling/lag thực hiện sau shift. Công thức gốc: sales.COGS.shift(7),sales.csv,Date,"Feature phi-calendar, dùng lịch sử đã lùi 549 ngày để tránh leakage khi forecast đến 2024-07-01"
cogs_lag_365,COGS cùng ngày năm trước,Gap-safe: tính tại as_of_date = Date - 549 ngày; rolling/lag thực hiện sau shift. Công thức gốc: sales.COGS.shift(365),sales.csv,Date,"Feature phi-calendar, dùng lịch sử đã lùi 549 ngày để tránh leakage khi forecast đến 2024-07-01"
revenue_roll_mean_28,Revenue trung bình 28 ngày gần nhất,Gap-safe: tính tại as_of_date = Date - 549 ngày; rolling/lag thực hiện sau shift. Công thức gốc: sales.Revenue.shift(1).rolling(28).mean(),sales.csv,Date,"Feature phi-calendar, dùng lịch sử đã lùi 549 ngày để tránh leakage khi forecast đến 2024-07-01"
cogs_roll_mean_28,COGS trung bình 28 ngày gần nhất,Gap-safe: tính tại as_of_date = Date - 549 ngày; rolling/lag thực hiện sau shift. Công thức gốc: sales.COGS.shift(1).rolling(28).mean(),sales.csv,Date,"Feature phi-calendar, dùng lịch sử đã lùi 549 ngày để tránh leakage khi forecast đến 2024-07-01"
gross_margin_lag_365,Gross margin cùng ngày năm trước,Gap-safe: tính tại as_of_date = Date - 549 ngày; rolling/lag thực hiện sau shift. Công thức gốc: ((Revenue - COGS) / Revenue).shift(365),sales.csv,Date,"Feature phi-calendar, dùng lịch sử đã lùi 549 ngày để tránh leakage khi forecast đến 2024-07-01"
cm_active_customers_28d_gap549,Quy mô active base ngắn hạn đã lùi 549 ngày,Số khách hàng unique có đơn trong cửa sổ 28 ngày kết thúc tại as_of_date = Date - 549 ngày,customers.csv + orders.csv,Date,Đo độ rộng customer base gần nhất mà forecast được phép nhìn thấy
cm_active_customers_91d_gap549,Quy mô active base trung hạn đã lùi 549 ngày,Số khách hàng unique có đơn trong cửa sổ 91 ngày kết thúc tại as_of_date = Date - 549 ngày,customers.csv + orders.csv,Date,Proxy cho sức khỏe nền khách mua hàng
cm_orders_per_active_customer_91d_gap549,Tần suất mua trên mỗi active customer,SUM(orders_91d_asof) / active_customers_91d_asof,orders.csv + customers.csv,Date,Bắt tín hiệu khách còn mua nhiều hay chỉ còn mua thưa
cm_revenue_per_active_customer_91d_gap549,Doanh thu trên mỗi active customer,SUM(revenue_91d_asof) / active_customers_91d_asof,orders.csv + order_items.csv + customers.csv,Date,Tách tác động giá trị khách khỏi quy mô active base
cm_new_customer_order_share_91d_gap549,Tỷ trọng đơn từ khách mới,SUM(new_customer_orders_91d_asof) / SUM(all_orders_91d_asof),orders.csv + customers.csv,Date,Đo sức kéo acquisition ở tầng order
cm_repeat_customer_order_share_91d_gap549,Tỷ trọng đơn từ khách quay lại,SUM(repeat_orders_91d_asof) / SUM(all_orders_91d_asof),orders.csv + customers.csv,Date,Đo sức khỏe retention/repeat behavior
cm_loyal_customer_order_share_91d_gap549,Tỷ trọng đơn từ khách đã mua ít nhất 3 lần,SUM(customer_order_no >= 3 trong 91d_asof) / SUM(all_orders_91d_asof),orders.csv + customers.csv,Date,Theo dõi loyal base có co lại hay không
cm_repeat_within_365d_order_share_91d_gap549,Tỷ trọng đơn repeat có gap <=365 ngày,SUM(repeat orders có previous_order_gap <=365 trong 91d_asof) / SUM(all_orders_91d_asof),orders.csv + customers.csv,Date,Đo repeat còn nằm trong chu kỳ mua hợp lý
cm_median_inter_order_gap_91d_gap549,Khoảng cách giữa hai đơn của khách repeat,"Rolling mean 91 ngày của median(previous_order_gap), sau shift 549 ngày",orders.csv + customers.csv,Date,Gap tăng là tín hiệu lifecycle chậm lại
cm_median_customer_tenure_days_91d_gap549,Tuổi đời khách hàng tại thời điểm mua,"Rolling mean 91 ngày của median(order_date - first_order_date), sau shift 549 ngày",orders.csv + customers.csv,Date,Phân biệt base đang phụ thuộc khách cũ hay khách mới
cm_age_18_34_order_share_91d_gap549,Tỷ trọng đơn từ nhóm tuổi 18-34,"SUM(orders age_group in 18-24,25-34 trong 91d_asof) / SUM(all_orders_91d_asof)",customers.csv + orders.csv,Date,Bắt thay đổi chân dung khách trẻ
cm_age_35_54_order_share_91d_gap549,Tỷ trọng đơn từ nhóm tuổi 35-54,"SUM(orders age_group in 35-44,45-54 trong 91d_asof) / SUM(all_orders_91d_asof)",customers.csv + orders.csv,Date,Bắt thay đổi chân dung khách trung niên
cm_age_55_plus_order_share_91d_gap549,Tỷ trọng đơn từ nhóm tuổi 55+,SUM(orders age_group = 55+ trong 91d_asof) / SUM(all_orders_91d_asof),customers.csv + orders.csv,Date,Đo dịch chuyển sang nhóm tuổi lớn
cm_female_order_share_91d_gap549,Tỷ trọng đơn từ khách nữ,SUM(orders gender = Female trong 91d_asof) / SUM(all_orders_91d_asof),customers.csv + orders.csv,Date,Bắt mix giới tính ở tầng đơn hàng
cm_mobile_order_share_91d_gap549,Tỷ trọng đơn đặt từ mobile,SUM(orders device_type = mobile trong 91d_asof) / SUM(all_orders_91d_asof),orders.csv,Date,Đo thay đổi hành vi mua qua thiết bị
cm_paid_search_acq_order_share_91d_gap549,Tỷ trọng đơn từ khách có kênh acquisition paid search,SUM(orders của paid_search customers trong 91d_asof) / SUM(all_orders_91d_asof),customers.csv + orders.csv,Date,Bắt phụ thuộc vào acquisition trả phí
cm_organic_search_acq_order_share_91d_gap549,Tỷ trọng đơn từ khách có kênh acquisition organic search,SUM(orders của organic_search customers trong 91d_asof) / SUM(all_orders_91d_asof),customers.csv + orders.csv,Date,Bắt sức kéo organic demand
cm_east_region_order_share_91d_gap549,Tỷ trọng đơn từ region East,SUM(orders region = East trong 91d_asof) / SUM(all_orders_91d_asof),geography.csv + orders.csv,Date,Bắt dịch chuyển thị trường địa lý chính
cm_region_entropy_91d_gap549,Độ phân tán đơn hàng theo region,-SUM(region_share * log(region_share)) trong 91d_asof,geography.csv + orders.csv,Date,Entropy thấp hơn cho thấy thị trường cô đặc hơn
cm_acquisition_entropy_91d_gap549,Độ phân tán đơn hàng theo acquisition channel của khách,-SUM(channel_share * log(channel_share)) trong 91d_asof,customers.csv + orders.csv,Date,Entropy thấp hơn cho thấy acquisition mix phụ thuộc vào ít kênh hơn
revenue_decomp_trend_m7_gap549,Trend ngắn hạn weekly của Revenue đã lùi 549 ngày,"Với target Date, lấy lịch sử Revenue đến as_of_date = Date - 549 ngày; gọi pmdarima.arima.decompose(type='additive', m=7) trên trailing window 365 ngày; lấy trend khả dụng mới nhất","sales.csv[Revenue, Date] + pmdarima.arima.decompose",Date,Bắt xu hướng weekly causal của doanh thu mà không nhìn qua tương lai forecast
revenue_decomp_seasonal_m7_gap549,Seasonality weekly của Revenue đã lùi 549 ngày,"Với target Date, lấy lịch sử Revenue đến as_of_date = Date - 549 ngày; gọi pmdarima.arima.decompose(type='additive', m=7) trên trailing window 365 ngày; lấy seasonal mới nhất","sales.csv[Revenue, Date] + pmdarima.arima.decompose",Date,Bắt chu kỳ tuần còn quan sát được tại thời điểm forecast hợp lệ
revenue_decomp_random_m7_gap549,Residual weekly của Revenue đã lùi 549 ngày,"Với target Date, lấy lịch sử Revenue đến as_of_date = Date - 549 ngày; gọi pmdarima.arima.decompose(type='additive', m=7) trên trailing window 365 ngày; lấy random/residual khả dụng mới nhất","sales.csv[Revenue, Date] + pmdarima.arima.decompose",Date,Đo nhiễu doanh thu sau khi tách trend và weekly seasonality
revenue_decomp_trend_m365_gap549,Trend dài hạn yearly của Revenue đã lùi 549 ngày,"Với target Date, lấy lịch sử Revenue đến as_of_date = Date - 549 ngày; gọi pmdarima.arima.decompose(type='additive', m=365) trên trailing window 1095 ngày; lấy trend khả dụng mới nhất","sales.csv[Revenue, Date] + pmdarima.arima.decompose",Date,Bắt xu hướng dài hạn của doanh thu trước forecast horizon
revenue_decomp_seasonal_m365_gap549,Seasonality yearly của Revenue đã lùi 549 ngày,"Với target Date, lấy lịch sử Revenue đến as_of_date = Date - 549 ngày; gọi pmdarima.arima.decompose(type='additive', m=365) trên trailing window 1095 ngày; lấy seasonal mới nhất","sales.csv[Revenue, Date] + pmdarima.arima.decompose",Date,Bắt mùa vụ năm của doanh thu từ lịch sử hợp lệ
revenue_decomp_random_m365_gap549,Residual yearly của Revenue đã lùi 549 ngày,"Với target Date, lấy lịch sử Revenue đến as_of_date = Date - 549 ngày; gọi pmdarima.arima.decompose(type='additive', m=365) trên trailing window 1095 ngày; lấy random/residual khả dụng mới nhất","sales.csv[Revenue, Date] + pmdarima.arima.decompose",Date,Đo phần biến động doanh thu không giải thích bởi trend và yearly seasonality
cogs_decomp_trend_m7_gap549,Trend ngắn hạn weekly của COGS đã lùi 549 ngày,"Tương tự Revenue nhưng áp dụng trên COGS với pmdarima.arima.decompose(type='additive', m=7)","sales.csv[COGS, Date] + pmdarima.arima.decompose",Date,Bắt xu hướng weekly causal của COGS
cogs_decomp_seasonal_m7_gap549,Seasonality weekly của COGS đã lùi 549 ngày,"Tương tự Revenue nhưng áp dụng trên COGS với pmdarima.arima.decompose(type='additive', m=7)","sales.csv[COGS, Date] + pmdarima.arima.decompose",Date,Bắt chu kỳ tuần của COGS
cogs_decomp_random_m7_gap549,Residual weekly của COGS đã lùi 549 ngày,"Tương tự Revenue nhưng áp dụng trên COGS với pmdarima.arima.decompose(type='additive', m=7)","sales.csv[COGS, Date] + pmdarima.arima.decompose",Date,Đo nhiễu COGS sau khi tách trend và weekly seasonality
cogs_decomp_trend_m365_gap549,Trend dài hạn yearly của COGS đã lùi 549 ngày,"Tương tự Revenue nhưng áp dụng trên COGS với pmdarima.arima.decompose(type='additive', m=365)","sales.csv[COGS, Date] + pmdarima.arima.decompose",Date,Bắt xu hướng dài hạn của COGS trước forecast horizon
cogs_decomp_seasonal_m365_gap549,Seasonality yearly của COGS đã lùi 549 ngày,"Tương tự Revenue nhưng áp dụng trên COGS với pmdarima.arima.decompose(type='additive', m=365)","sales.csv[COGS, Date] + pmdarima.arima.decompose",Date,Bắt mùa vụ năm của COGS từ lịch sử hợp lệ
cogs_decomp_random_m365_gap549,Residual yearly của COGS đã lùi 549 ngày,"Tương tự Revenue nhưng áp dụng trên COGS với pmdarima.arima.decompose(type='additive', m=365)","sales.csv[COGS, Date] + pmdarima.arima.decompose",Date,Đo phần biến động COGS không giải thích bởi trend và yearly seasonality
